value,density,feature,gender
8.49615568709614,4.088034541286519e-05,Age,Male
9.209800798913303,8.142666772817886e-05,Age,Male
9.923445910730466,0.00015473737742221404,Age,Male
10.63709102254763,0.0002806687641205393,Age,Male
11.350736134364793,0.0004861697016272829,Age,Male
12.064381246181956,0.0008047085600539274,Age,Male
12.778026357999119,0.0012736600488953888,Age,Male
13.491671469816282,0.0019292790044888742,Age,Male
14.205316581633445,0.0027995802155092453,Age,Male
14.918961693450608,0.003896358485918275,Age,Male
15.632606805267772,0.005208395809591922,Age,Male
16.346251917084935,0.0066981940172815505,Age,Male
17.0598970289021,0.008304025966496962,Age,Male
17.77354214071926,0.009947713510633588,Age,Male
18.487187252536422,0.011546719731597429,Age,Male
19.200832364353587,0.013027581694988136,Age,Male
19.914477476170752,0.01433709331691781,Age,Male
20.628122587987914,0.015448305256006569,Age,Male
21.341767699805075,0.016360120047326933,Age,Male
22.05541281162224,0.017091337566729616,Age,Male
22.769057923439405,0.01767161593587337,Age,Male
23.482703035256566,0.01813237332265615,Age,Male
24.196348147073728,0.018500084297575263,Age,Male
24.909993258890893,0.018793123260389767,Age,Male
25.623638370708058,0.019021916226619442,Age,Male
26.337283482525223,0.01919122980235255,Age,Male
27.05092859434238,0.01930318291380042,Age,Male
27.764573706159545,0.019359893231463077,Age,Male
28.47821881797671,0.01936523894118214,Age,Male
29.191863929793875,0.019325700641967983,Age,Male
29.905509041611033,0.01925047664808239,Age,Male
30.619154153428198,0.019151060628291104,Age,Male
31.332799265245363,0.019040378869868473,Age,Male
32.04644437706253,0.018931553656897138,Age,Male
32.760089488879686,0.018836442680836403,Age,Male
33.47373460069685,0.018764235833826963,Age,Male
34.187379712514016,0.018720440834635838,Age,Male
34.90102482433118,0.01870646789129102,Age,Male
35.61466993614834,0.018719763671554722,Age,Male
36.3283150479655,0.018754204308869836,Age,Male
37.04196015978267,0.018800424792922904,Age,Male
37.75560527159983,0.018846015608221318,Age,Male
38.46925038341699,0.018875931744453452,Age,Male
39.182895495234156,0.018873745533850406,Age,Male
39.89654060705132,0.018824251726155358,Age,Male
40.610185718868486,0.018717331144050282,Age,Male
41.323830830685644,0.01855213842414339,Age,Male
42.03747594250281,0.018340055174003334,Age,Male
42.751121054319974,0.01810486267132919,Age,Male
43.46476616613714,0.017879364586678104,Age,Male
44.178411277954304,0.017698959519235002,Age,Male
44.89205638977146,0.017593878891563622,Age,Male
45.60570150158863,0.017582421232291215,Age,Male
46.31934661340579,0.0176672515637142,Age,Male
47.03299172522295,0.017835804959460504,Age,Male
47.746636837040114,0.018064459278636005,Age,Male
48.46028194885728,0.01832495418448823,Age,Male
49.173927060674444,0.01859094955580169,Age,Male
49.88757217249161,0.01884279652046055,Age,Male
50.60121728430877,0.01906940873837871,Age,Male
51.31486239612593,0.01926722138293051,Age,Male
52.0285075079431,0.019437185533726743,Age,Male
52.742152619760255,0.019581232517900685,Age,Male
53.45579773157742,0.019699542360438776,Age,Male
54.169442843394584,0.019789399729216305,Age,Male
54.88308795521175,0.01984571807563412,Age,Male
55.596733067028914,0.019862756073823783,Age,Male
56.31037817884607,0.01983629662454016,Age,Male
57.02402329066324,0.019765584957655964,Age,Male
57.7376684024804,0.019654500464498605,Age,Male
58.45131351429756,0.019511649116276196,Age,Male
59.164958626114725,0.019349270150128686,Age,Male
59.87860373793189,0.019181069213187005,Age,Male
60.592248849749055,0.0190193213407073,Age,Male
61.30589396156622,0.01887177062718116,Age,Male
62.01953907338338,0.018738898592148837,Age,Male
62.73318418520054,0.018612003214676088,Age,Male
63.44682929701771,0.01847230241795119,Age,Male
64.16047440883486,0.01829111012409488,Age,Male
64.87411952065203,0.018031157290200238,Age,Male
65.58776463246919,0.017649314809939858,Age,Male
66.30140974428636,0.017101105660092878,Age,Male
67.01505485610352,0.016347190524437553,Age,Male
67.72869996792068,0.01536134010982599,Age,Male
68.44234507973785,0.01413844502423275,Age,Male
69.155990191555,0.01270033201919304,Age,Male
69.86963530337216,0.011097091073817124,Age,Male
70.58328041518934,0.00940254600109342,Age,Male
71.2969255270065,0.007704210083809852,Age,Male
72.01057063882367,0.006089901625188172,Age,Male
72.72421575064082,0.0046343631422726,Age,Male
73.43786086245798,0.0033892172160377553,Age,Male
74.15150597427514,0.0023784239577294194,Age,Male
74.86515108609231,0.0015996083957375822,Age,Male
75.57879619790947,0.0010299451715971878,Age,Male
76.29244130972664,0.0006343154659006009,Age,Male
77.0060864215438,0.0003733900679797798,Age,Male
77.71973153336096,0.00020994818343061727,Age,Male
78.43337664517813,0.00011269904819985051,Age,Male
79.50384431290387,4.059192038475478e-05,Age,Male
7.2196921385485275,3.4618054306960594e-05,Age,Female
7.958994809130466,6.51808787359498e-05,Age,Female
8.698297479712405,0.00011800765243244608,Age,Female
9.437600150294346,0.00020551462493716512,Age,Female
10.176902820876284,0.0003444417228145877,Age,Female
10.916205491458223,0.0005558521465302232,Age,Female
11.655508162040164,0.0008642525706060136,Age,Female
12.394810832622102,0.0012955976793413823,Age,Female
13.134113503204041,0.0018741608720892497,Age,Female
13.87341617378598,0.002618575577215779,Age,Female
14.612718844367919,0.003537697336884733,Age,Female
15.35202151494986,0.004627182946118442,Age,Female
16.091324185531796,0.005867708649705526,Age,Female
16.83062685611374,0.007225492140108667,Age,Female
17.569929526695677,0.008655280578524724,Age,Female
18.309232197277616,0.010105358808622856,Age,Female
19.048534867859555,0.011523613205569041,Age,Female
19.787837538441494,0.012863429867709069,Age,Female
20.527140209023433,0.01408829075632011,Age,Female
21.26644287960537,0.015174315250374378,Age,Female
22.005745550187314,0.016110537266812316,Age,Female
22.74504822076925,0.016897234557525512,Age,Female
23.48435089135119,0.017542993849827097,Age,Female
24.22365356193313,0.01806133321508775,Age,Female
24.96295623251507,0.018467620318165127,Age,Female
25.702258903097007,0.01877678834936405,Age,Female
26.441561573678946,0.019002052585686702,Age,Female
27.180864244260885,0.019154558231472905,Age,Female
27.920166914842827,0.019243707501875873,Age,Female
28.659469585424766,0.019277845423107114,Age,Female
29.398772256006705,0.01926501418750521,Age,Female
30.138074926588644,0.019213572006327447,Age,Female
30.877377597170582,0.01913256603046641,Age,Female
31.61668026775252,0.019031819504353988,Age,Female
32.35598293833446,0.01892173819812939,Age,Female
33.0952856089164,0.018812877204383197,Age,Female
33.834588279498334,0.01871535211249076,Age,Female
34.57389095008028,0.01863822469735729,Age,Female
35.31319362066222,0.01858901717937409,Age,Female
36.052496291244154,0.01857348009915291,Age,Female
36.791798961826096,0.018595645776761118,Age,Female
37.53110163240804,0.018658067565209678,Age,Female
38.270404302989974,0.01876203274194305,Age,Female
39.00970697357191,0.018907509236056913,Age,Female
39.74900964415386,0.019092680656156664,Age,Female
40.48831231473579,0.019313122614429783,Age,Female
41.22761498531773,0.019560901523243444,Age,Female
41.966917655899664,0.019824030501651522,Age,Female
42.70622032648161,0.020086708275213753,Age,Female
43.44552299706355,0.020330570395812375,Age,Female
44.184825667645484,0.02053685476163162,Age,Female
44.92412833822743,0.020689048030752007,Age,Female
45.66343100880937,0.020775374217211255,Age,Female
46.402733679391304,0.020790502470993386,Age,Female
47.14203634997324,0.020736086546037185,Age,Female
47.88133902055519,0.0206201069735401,Age,Female
48.62064169113712,0.020455319365022307,Age,Female
49.35994436171906,0.020257288022317632,Age,Female
50.09924703230101,0.020042454300329877,Age,Female
50.83854970288294,0.019826508026141523,Age,Female
51.57785237346488,0.019623120503688203,Age,Female
52.317155044046814,0.019442978487902076,Age,Female
53.05645771462876,0.019293076334266704,Age,Female
53.7957603852107,0.01917632689516477,Age,Female
54.535063055792634,0.01909162811197694,Age,Female
55.27436572637458,0.019034475503657892,Age,Female
56.01366839695652,0.01899803131820947,Age,Female
56.752971067538454,0.018974342085991802,Age,Female
57.49227373812039,0.01895528063560087,Age,Female
58.23157640870234,0.018932876950432286,Age,Female
58.97087907928427,0.018898979307535556,Age,Female
59.71018174986621,0.018844517018957393,Age,Female
60.449484420448144,0.018758835274388385,Age,Female
61.18878709103009,0.018629520101492675,Age,Female
61.92808976161203,0.018442848724142015,Age,Female
62.667392432193964,0.018184648698222696,Age,Female
63.40669510277591,0.017841140365334508,Age,Female
64.14599777335785,0.017399409638365802,Age,Female
64.88530044393978,0.01684748778509644,Age,Female
65.62460311452172,0.01617441729293589,Age,Female
66.36390578510367,0.015370908655737335,Age,Female
67.1032084556856,0.014431065707803701,Age,Female
67.84251112626754,0.013355179539633492,Age,Female
68.58181379684949,0.012152959217304015,Age,Female
69.32111646743142,0.010846083712916028,Age,Female
70.06041913801336,0.009468885023727062,Age,Female
70.7997218085953,0.008066395808947599,Age,Female
71.53902447917723,0.006689781214700768,Age,Female
72.27832714975918,0.005390023193550142,Age,Female
73.01762982034111,0.004211305593687485,Age,Female
73.75693249092305,0.003185644482490827,Age,Female
74.496235161505,0.002329907486091576,Age,Female
75.23553783208693,0.0016456469883918297,Age,Female
75.97484050266887,0.0011214121777699125,Age,Female
76.7141431732508,0.0007366569316783981,Age,Female
77.45344584383275,0.0004661589020526427,Age,Female
78.19274851441469,0.0002839983367801621,Age,Female
78.93205118499662,0.00016649236122324537,Age,Female
79.67135385557857,9.388269577458986e-05,Age,Female
80.78030786145148,3.692930900166626e-05,Age,Female
5.237309848835185,2.4325305757249108e-05,Purchase Amount,Male
6.338067439813372,4.868367324887969e-05,Purchase Amount,Male
7.438825030791559,9.30548317040964e-05,Purchase Amount,Male
8.539582621769746,0.0001699492234905182,Purchase Amount,Male
9.640340212747933,0.0002967193204918395,Purchase Amount,Male
10.74109780372612,0.0004955337512214938,Purchase Amount,Male
11.841855394704309,0.0007921267342925858,Purchase Amount,Male
12.942612985682496,0.0012129691450425092,Purchase Amount,Male
14.043370576660683,0.0017808758327047742,Purchase Amount,Male
15.14412816763887,0.002509619731007437,Purchase Amount,Male
16.24488575861706,0.00339870460388158,Purchase Amount,Male
17.345643349595242,0.004429806309940562,Purchase Amount,Male
18.446400940573433,0.0055662912072452515,Purchase Amount,Male
19.54715853155162,0.006756565952815021,Purchase Amount,Male
20.647916122529807,0.007940944707253235,Purchase Amount,Male
21.748673713507994,0.009060595533950775,Purchase Amount,Male
22.84943130448618,0.010066388200446467,Purchase Amount,Male
23.95018889546437,0.010925432282517232,Purchase Amount,Male
25.050946486442555,0.01162380736577508,Purchase Amount,Male
26.151704077420742,0.012165173888668194,Purchase Amount,Male
27.25246166839893,0.012566153310000452,Purchase Amount,Male
28.353219259377116,0.012850144954021375,Purchase Amount,Male
29.453976850355303,0.013041383588805529,Purchase Amount,Male
30.55473444133349,0.013160599019204538,Purchase Amount,Male
31.65549203231168,0.01322288893203378,Purchase Amount,Male
32.75624962328987,0.013237683082782089,Purchase Amount,Male
33.85700721426805,0.013210188894568207,Purchase Amount,Male
34.95776480524624,0.013143532182848852,Purchase Amount,Male
36.05852239622443,0.013040875917020649,Purchase Amount,Male
37.159279987202616,0.0129069974638726,Purchase Amount,Male
38.2600375781808,0.01274903573561287,Purchase Amount,Male
39.36079516915899,0.012576338791910176,Purchase Amount,Male
40.46155276013718,0.012399537186610762,Purchase Amount,Male
41.56231035111537,0.012229127921306825,Purchase Amount,Male
42.66306794209355,0.012073954043986049,Purchase Amount,Male
43.76382553307174,0.011939977667749494,Purchase Amount,Male
44.86458312404993,0.011829658954815867,Purchase Amount,Male
45.96534071502812,0.01174209046059481,Purchase Amount,Male
47.066098306006296,0.011673840510092893,Purchase Amount,Male
48.16685589698449,0.011620283447460118,Purchase Amount,Male
49.26761348796268,0.011577080376011864,Purchase Amount,Male
50.36837107894087,0.011541443898365415,Purchase Amount,Male
51.469128669919044,0.0115128778250013,Purchase Amount,Male
52.569886260897235,0.01149321460003152,Purchase Amount,Male
53.670643851875425,0.011485950286567572,Purchase Amount,Male
54.771401442853616,0.011495056864839917,Purchase Amount,Male
55.87215903383179,0.011523586829966351,Purchase Amount,Male
56.97291662480998,0.01157243776892428,Purchase Amount,Male
58.073674215788174,0.011639600449200344,Purchase Amount,Male
59.174431806766364,0.011720087340896471,Purchase Amount,Male
60.275189397744555,0.011806566245682618,Purchase Amount,Male
61.37594698872273,0.011890552019320235,Purchase Amount,Male
62.47670457970092,0.011963880571022054,Purchase Amount,Male
63.57746217067911,0.012020132169293448,Purchase Amount,Male
64.6782197616573,0.012055695124870772,Purchase Amount,Male
65.77897735263548,0.012070254978935688,Purchase Amount,Male
66.87973494361367,0.012066630401671245,Purchase Amount,Male
67.98049253459186,0.01205001963697294,Purchase Amount,Male
69.08125012557005,0.012026838846455971,Purchase Amount,Male
70.18200771654823,0.012003405896937725,Purchase Amount,Male
71.28276530752642,0.011984742324128392,Purchase Amount,Male
72.38352289850461,0.011973733849713309,Purchase Amount,Male
73.48428048948279,0.01197081330066668,Purchase Amount,Male
74.58503808046098,0.011974221830231833,Purchase Amount,Male
75.68579567143917,0.011980783658148603,Purchase Amount,Male
76.78655326241736,0.011987019166689976,Purchase Amount,Male
77.88731085339555,0.011990343665597961,Purchase Amount,Male
78.98806844437372,0.011990070714022518,Purchase Amount,Male
80.08882603535191,0.011987965838424975,Purchase Amount,Male
81.1895836263301,0.011988174806861911,Purchase Amount,Male
82.2903412173083,0.011996467364967216,Purchase Amount,Male
83.39109880828647,0.012018871509439215,Purchase Amount,Male
84.49185639926466,0.012059897011288795,Purchase Amount,Male
85.59261399024285,0.012120630142036602,Purchase Amount,Male
86.69337158122104,0.012197004329928603,Purchase Amount,Male
87.79412917219922,0.012278517502096156,Purchase Amount,Male
88.89488676317741,0.01234760791732113,Purchase Amount,Male
89.9956443541556,0.012379859486484235,Purchase Amount,Male
91.09640194513379,0.012345204776815537,Purchase Amount,Male
92.19715953611197,0.012210295607370593,Purchase Amount,Male
93.29791712709016,0.01194213459215828,Purchase Amount,Male
94.39867471806835,0.011512824606908348,Purchase Amount,Male
95.49943230904654,0.010904890747237949,Purchase Amount,Male
96.60018990002473,0.010116177807003643,Purchase Amount,Male
97.7009474910029,0.00916304181557433,Purchase Amount,Male
98.8017050819811,0.008080652315969787,Purchase Amount,Male
99.90246267295929,0.006919789542455096,Purchase Amount,Male
101.00322026393748,0.005740434324762212,Purchase Amount,Male
102.10397785491566,0.004603399177648165,Purchase Amount,Male
103.20473544589385,0.003561869797393762,Purchase Amount,Male
104.30549303687204,0.00265476338472834,Purchase Amount,Male
105.40625062785023,0.0019032454059120974,Purchase Amount,Male
106.5070082188284,0.0013108039297804405,Purchase Amount,Male
107.6077658098066,0.0008663185380972346,Purchase Amount,Male
108.70852340078478,0.0005489065725999452,Purchase Amount,Male
109.80928099176298,0.0003331479131549659,Purchase Amount,Male
110.91003858274117,0.00019354241320217622,Purchase Amount,Male
112.01079617371934,0.00010755671275953358,Purchase Amount,Male
113.11155376469753,5.714485072942346e-05,Purchase Amount,Male
114.76269015116482,2.0319843487276854e-05,Purchase Amount,Male
3.1159922626576204,2.0779100133680673e-05,Purchase Amount,Female
4.259389403106714,3.897964522755258e-05,Purchase Amount,Female
5.402786543555807,7.041144721498363e-05,Purchase Amount,Female
6.5461836840049,0.00012252318901376192,Purchase Amount,Female
7.689580824453993,0.00020547625680544478,Purchase Amount,Female
8.832977964903087,0.0003322756286654938,Purchase Amount,Female
9.97637510535218,0.0005184226074432465,Purchase Amount,Female
11.119772245801274,0.0007809206019278155,Purchase Amount,Female
12.263169386250366,0.0011365647217829351,Purchase Amount,Female
13.406566526699459,0.0015996130717837456,Purchase Amount,Female
14.549963667148553,0.0021791397394376527,Purchase Amount,Female
15.693360807597646,0.002876547157046304,Purchase Amount,Female
16.83675794804674,0.003683799234450319,Purchase Amount,Female
17.980155088495835,0.004582873819353296,Purchase Amount,Female
19.123552228944927,0.005546714732698303,Purchase Amount,Female
20.26694936939402,0.006541637305798303,Purchase Amount,Female
21.410346509843112,0.007530800389885756,Purchase Amount,Female
22.553743650292205,0.008478109218075885,Purchase Amount,Female
23.697140790741297,0.00935183651373212,Purchase Amount,Female
24.840537931190394,0.010127363436026408,Purchase Amount,Female
25.983935071639486,0.010788699873811492,Purchase Amount,Female
27.12733221208858,0.011328751476999842,Purchase Amount,Female
28.27072935253767,0.011748557648031914,Purchase Amount,Female
29.414126492986764,0.012055861662686967,Purchase Amount,Female
30.557523633435856,0.012263377021371001,Purchase Amount,Female
31.700920773884953,0.012387021068577498,Purchase Amount,Female
32.84431791433404,0.012444264009593323,Purchase Amount,Female
33.98771505478314,0.01245265024830463,Purchase Amount,Female
35.131112195232234,0.012428520097740314,Purchase Amount,Female
36.27450933568132,0.012385983861613645,Purchase Amount,Female
37.41790647613042,0.012336237515260303,Purchase Amount,Female
38.56130361657951,0.012287313537479364,Purchase Amount,Female
39.704700757028604,0.012244304463851545,Purchase Amount,Female
40.8480978974777,0.01220998787841243,Purchase Amount,Female
41.99149503792679,0.012185661291458396,Purchase Amount,Female
43.134892178375885,0.012171921110519582,Purchase Amount,Female
44.278289318824974,0.012169137163955445,Purchase Amount,Female
45.42168645927407,0.012177491352667304,Purchase Amount,Female
46.56508359972317,0.012196627999083524,Purchase Amount,Female
47.708480740172256,0.012225133166327042,Purchase Amount,Female
48.85187788062135,0.012260147402632112,Purchase Amount,Female
49.99527502107044,0.01229738009868613,Purchase Amount,Female
51.13867216151954,0.01233164527534742,Purchase Amount,Female
52.28206930196863,0.012357836764611165,Purchase Amount,Female
53.42546644241772,0.01237208428221611,Purchase Amount,Female
54.56886358286682,0.01237274564250656,Purchase Amount,Female
55.71226072331591,0.012360920862608104,Purchase Amount,Female
56.855657863765,0.012340304855264729,Purchase Amount,Female
57.99905500421409,0.012316380604324727,Purchase Amount,Female
59.14245214466319,0.012295137949936016,Purchase Amount,Female
60.285849285112285,0.012281635077991465,Purchase Amount,Female
61.429246425561374,0.012278767988463488,Purchase Amount,Female
62.57264356601047,0.012286566418699858,Purchase Amount,Female
63.71604070645956,0.012302204742108238,Purchase Amount,Female
64.85943784690866,0.012320736421973311,Purchase Amount,Female
66.00283498735774,0.012336377748649718,Purchase Amount,Female
67.14623212780685,0.012344028391256983,Purchase Amount,Female
68.28962926825594,0.012340656121595385,Purchase Amount,Female
69.43302640870502,0.012326201341857681,Purchase Amount,Female
70.57642354915413,0.012303762539349316,Purchase Amount,Female
71.71982068960321,0.012278982224430544,Purchase Amount,Female
72.86321783005232,0.01225873534964519,Purchase Amount,Female
74.0066149705014,0.012249397423731514,Purchase Amount,Female
75.15001211095048,0.012255101584699633,Purchase Amount,Female
76.2934092513996,0.012276442600553803,Purchase Amount,Female
77.43680639184868,0.012310017123600286,Purchase Amount,Female
78.58020353229779,0.012348995092329328,Purchase Amount,Female
79.72360067274687,0.012384631550502397,Purchase Amount,Female
80.86699781319595,0.012408330198190728,Purchase Amount,Female
82.01039495364506,0.012413660422310107,Purchase Amount,Female
83.15379209409414,0.012397691567180284,Purchase Amount,Female
84.29718923454325,0.012361169837314077,Purchase Amount,Female
85.44058637499234,0.012307381756380839,Purchase Amount,Female
86.58398351544142,0.012239925783625922,Purchase Amount,Female
87.72738065589053,0.012159936894544155,Purchase Amount,Female
88.87077779633961,0.01206349028806483,Purchase Amount,Female
90.01417493678872,0.01193991317917252,Purchase Amount,Female
91.1575720772378,0.011771570335364499,Purchase Amount,Female
92.30096921768688,0.011535401894830363,Purchase Amount,Female
93.444366358136,0.01120613325505575,Purchase Amount,Female
94.58776349858508,0.010760701480704411,Purchase Amount,Female
95.73116063903419,0.010183114031271381,Purchase Amount,Female
96.87455777948327,0.009468749694370036,Purchase Amount,Female
98.01795491993235,0.008627105676576234,Purchase Amount,Female
99.16135206038146,0.0076822362288122125,Purchase Amount,Female
100.30474920083054,0.0066705979839628135,Purchase Amount,Female
101.44814634127965,0.005636612577078575,Purchase Amount,Female
102.59154348172873,0.004626811814513946,Purchase Amount,Female
103.73494062217782,0.0036837714408346892,Purchase Amount,Female
104.87833776262693,0.00284105531731539,Purchase Amount,Female
106.02173490307601,0.002120081184092097,Purchase Amount,Female
107.16513204352512,0.001529292002261746,Purchase Amount,Female
108.3085291839742,0.0010654486761430227,Purchase Amount,Female
109.45192632442328,0.0007164217668792174,Purchase Amount,Female
110.5953234648724,0.0004646567040988552,Purchase Amount,Female
111.73872060532148,0.0002905309717006159,Purchase Amount,Female
112.88211774577056,0.00017504509739974135,Purchase Amount,Female
114.02551488621967,0.00010158542250096474,Purchase Amount,Female
115.16891202666875,5.676564159126172e-05,Purchase Amount,Female
116.88400773734239,2.2073971975209188e-05,Purchase Amount,Female
2.057154322673043,0.0006317846357644734,Review Rating,Male
2.0911813714635348,0.001275846539548607,Review Rating,Male
2.1252084202540265,0.0024570017072008616,Review Rating,Male
2.1592354690445177,0.004515538970016234,Review Rating,Male
2.1932625178350094,0.007926115513662447,Review Rating,Male
2.227289566625501,0.013299594413156337,Review Rating,Male
2.2613166154159927,0.021352868673140662,Review Rating,Male
2.2953436642064844,0.03283676549758333,Review Rating,Male
2.329370712996976,0.04842103584854214,Review Rating,Male
2.3633977617874677,0.06854917908514856,Review Rating,Male
2.397424810577959,0.09329089263714363,Review Rating,Male
2.4314518593684507,0.12223070863539984,Review Rating,Male
2.4654789081589423,0.15443217992304653,Review Rating,Male
2.499505956949434,0.18850450282611594,Review Rating,Male
2.5335330057399257,0.22277390640281677,Review Rating,Male
2.567560054530417,0.25553175478033696,Review Rating,Male
2.6015871033209086,0.2853049060018602,Review Rating,Male
2.6356141521114003,0.31108149616183,Review Rating,Male
2.669641200901892,0.33243327696601305,Review Rating,Male
2.7036682496923836,0.34950339289905674,Review Rating,Male
2.7376952984828753,0.36286792427569825,Review Rating,Male
2.771722347273367,0.3733172916644228,Review Rating,Male
2.805749396063858,0.3816260434691819,Review Rating,Male
2.83977644485435,0.38837829633742676,Review Rating,Male
2.8738034936448416,0.39389200026627896,Review Rating,Male
2.9078305424353332,0.3982481827502809,Review Rating,Male
2.9418575912258245,0.40139610676633136,Review Rating,Male
2.975884640016316,0.40328477953369896,Review Rating,Male
3.009911688806808,0.40397107356747775,Review Rating,Male
3.0439387375972995,0.4036715100594431,Review Rating,Male
3.077965786387791,0.4027490349557963,Review Rating,Male
3.111992835178283,0.4016476481893204,Review Rating,Male
3.1460198839687745,0.4008001593871364,Review Rating,Male
3.180046932759266,0.40053674992014665,Review Rating,Male
3.2140739815497574,0.40101739362402494,Review Rating,Male
3.248101030340249,0.40220327693642177,Review Rating,Male
3.282128079130741,0.40387340376364966,Review Rating,Male
3.316155127921232,0.4056830767943745,Review Rating,Male
3.3501821767117237,0.40725115546434304,Review Rating,Male
3.3842092255022154,0.4082545088115938,Review Rating,Male
3.418236274292707,0.40850413772127353,Review Rating,Male
3.4522633230831987,0.4079812761297694,Review Rating,Male
3.4862903718736904,0.40682410574952904,Review Rating,Male
3.520317420664182,0.40527303135622766,Review Rating,Male
3.5543444694546737,0.4035977183010795,Review Rating,Male
3.5883715182451654,0.4020348734061495,Review Rating,Male
3.6223985670356567,0.4007584282256116,Review Rating,Male
3.6564256158261483,0.3998862310342848,Review Rating,Male
3.69045266461664,0.3995082257461665,Review Rating,Male
3.7244797134071312,0.3997105634185757,Review Rating,Male
3.758506762197623,0.40057413469419223,Review Rating,Male
3.7925338109881146,0.4021426309413172,Review Rating,Male
3.8265608597786063,0.40437517262947364,Review Rating,Male
3.860587908569098,0.4071104104478907,Review Rating,Male
3.8946149573595896,0.4100659686944649,Review Rating,Male
3.9286420061500813,0.4128808800933384,Review Rating,Male
3.962669054940573,0.4151883781184093,Review Rating,Male
3.996696103731064,0.41669302936754044,Review Rating,Male
4.030723152521556,0.41722611105516905,Review Rating,Male
4.064750201312048,0.4167649469216281,Review Rating,Male
4.09877725010254,0.41541798188144763,Review Rating,Male
4.132804298893031,0.4133889714436294,Review Rating,Male
4.166831347683522,0.41093608882713667,Review Rating,Male
4.200858396474014,0.4083363595886354,Review Rating,Male
4.2348854452645055,0.40585802652354674,Review Rating,Male
4.268912494054997,0.4037384892689825,Review Rating,Male
4.302939542845489,0.40216514718156754,Review Rating,Male
4.33696659163598,0.40125884041698734,Review Rating,Male
4.370993640426471,0.40106141161996894,Review Rating,Male
4.405020689216963,0.4015286424480007,Review Rating,Male
4.439047738007455,0.4025284690430707,Review Rating,Male
4.473074786797946,0.4038439041787147,Review Rating,Male
4.507101835588438,0.4051810061706205,Review Rating,Male
4.54112888437893,0.4061828842609436,Review Rating,Male
4.575155933169421,0.40644903148478495,Review Rating,Male
4.609182981959913,0.40555530861760297,Review Rating,Male
4.643210030750405,0.4030667997511582,Review Rating,Male
4.677237079540896,0.3985376670954868,Review Rating,Male
4.711264128331388,0.3915005753959363,Review Rating,Male
4.74529117712188,0.3814598132523969,Review Rating,Male
4.779318225912371,0.3679096655591193,Review Rating,Male
4.813345274702863,0.3503960723709288,Review Rating,Male
4.847372323493355,0.32862349646208144,Review Rating,Male
4.8813993722838465,0.30258581814332985,Review Rating,Male
4.915426421074338,0.2726806971825318,Review Rating,Male
4.949453469864829,0.2397616532294965,Review Rating,Male
4.983480518655321,0.20509570174353345,Review Rating,Male
5.017507567445812,0.17022269860237838,Review Rating,Male
5.051534616236304,0.13674459442582568,Review Rating,Male
5.085561665026796,0.10609578776244352,Review Rating,Male
5.119588713817287,0.07935098854269278,Review Rating,Male
5.153615762607778,0.05711344421543973,Review Rating,Male
5.18764281139827,0.03950048873204894,Review Rating,Male
5.2216698601887614,0.026215539294057656,Review Rating,Male
5.255696908979253,0.016675481678225308,Review Rating,Male
5.289723957769745,0.010155019665267467,Review Rating,Male
5.3237510065602365,0.005914630852911632,Review Rating,Male
5.357778055350728,0.0032916859339734384,Review Rating,Male
5.39180510414122,0.0017489881305210475,Review Rating,Male
5.442845677326957,0.0006199946956016044,Review Rating,Male
1.9804972051558165,0.0006303870226306136,Review Rating,Female
2.016065100529569,0.00118862172068606,Review Rating,Female
2.0516329959033213,0.0021578500603300216,Review Rating,Female
2.0872008912770736,0.00377333004081635,Review Rating,Female
2.122768786650826,0.006358520280615277,Review Rating,Female
2.158336682024579,0.010330853801024206,Review Rating,Female
2.1939045773983312,0.01619230098081537,Review Rating,Female
2.2294724727720836,0.024498647827911092,Review Rating,Female
2.265040368145836,0.035804357232483396,Review Rating,Female
2.3006082635195884,0.05058528135270919,Review Rating,Female
2.3361761588933407,0.06914849639395117,Review Rating,Female
2.371744054267093,0.09154526178369518,Review Rating,Female
2.407311949640846,0.11750708622860812,Review Rating,Female
2.4428798450145983,0.14642389423862462,Review Rating,Female
2.4784477403883507,0.1773763960674631,Review Rating,Female
2.514015635762103,0.20922305605480462,Review Rating,Female
2.5495835311358555,0.24072861969075862,Review Rating,Female
2.585151426509608,0.2707101801195734,Review Rating,Female
2.62071932188336,0.29817196674537955,Review Rating,Female
2.6562872172571126,0.32240316326147556,Review Rating,Female
2.691855112630865,0.34302307973815427,Review Rating,Female
2.7274230080046173,0.35997149125606515,Review Rating,Female
2.76299090337837,0.37345450158334065,Review Rating,Female
2.7985587987521225,0.38386425620612297,Review Rating,Female
2.834126694125875,0.39169264364017575,Review Rating,Female
2.8696945894996273,0.397455548853077,Review Rating,Female
2.9052624848733797,0.40163759302494606,Review Rating,Female
2.9408303802471325,0.4046602554955257,Review Rating,Female
2.976398275620885,0.40687071304384903,Review Rating,Female
3.0119661709946373,0.4085453709497383,Review Rating,Female
3.0475340663683896,0.40990073650782793,Review Rating,Female
3.083101961742142,0.4111045456687531,Review Rating,Female
3.1186698571158944,0.4122815979274376,Review Rating,Female
3.1542377524896468,0.4135114644600525,Review Rating,Female
3.189805647863399,0.4148188553787534,Review Rating,Female
3.2253735432371515,0.4161612410602609,Review Rating,Female
3.260941438610904,0.4174211132958966,Review Rating,Female
3.2965093339846563,0.4184107676779564,Review Rating,Female
3.332077229358409,0.4188949916480918,Review Rating,Female
3.3676451247321615,0.41863193983643393,Review Rating,Female
3.403213020105914,0.4174262714163272,Review Rating,Female
3.4387809154796662,0.41518341599305986,Review Rating,Female
3.4743488108534186,0.4119515087091637,Review Rating,Female
3.5099167062271714,0.40793902955271266,Review Rating,Female
3.545484601600924,0.4035011796621539,Review Rating,Female
3.581052496974676,0.39909514727756823,Review Rating,Female
3.6166203923484286,0.39521173533183734,Review Rating,Female
3.652188287722181,0.39229647275371915,Review Rating,Female
3.6877561830959333,0.3906759633032475,Review Rating,Female
3.7233240784696857,0.3905042726730671,Review Rating,Female
3.758891973843438,0.39173990037841355,Review Rating,Female
3.7944598692171905,0.39415735448385225,Review Rating,Female
3.830027764590943,0.3973900522345838,Review Rating,Female
3.8655956599646952,0.40099483420170673,Review Rating,Female
3.901163555338448,0.4045241886410955,Review Rating,Female
3.9367314507122004,0.4075912243358877,Review Rating,Female
3.972299346085953,0.4099147653404434,Review Rating,Female
4.007867241459705,0.41133724514356806,Review Rating,Female
4.043435136833457,0.4118152108170607,Review Rating,Female
4.0790030322072095,0.41138942250066124,Review Rating,Female
4.114570927580963,0.4101466359934395,Review Rating,Female
4.150138822954715,0.4081863933764103,Review Rating,Female
4.1857067183284675,0.4056028502055195,Review Rating,Female
4.22127461370222,0.40248483889173087,Review Rating,Female
4.256842509075972,0.3989295415795207,Review Rating,Female
4.292410404449725,0.3950594634478956,Review Rating,Female
4.327978299823477,0.39103123434718445,Review Rating,Female
4.363546195197229,0.38702858306260246,Review Rating,Female
4.399114090570982,0.38323886057263573,Review Rating,Female
4.434681985944735,0.3798194995802035,Review Rating,Female
4.470249881318487,0.37686457172664706,Review Rating,Female
4.50581777669224,0.374380489711026,Review Rating,Female
4.541385672065992,0.37227466017677735,Review Rating,Female
4.576953567439745,0.37035440914311596,Review Rating,Female
4.612521462813497,0.3683294233011841,Review Rating,Female
4.648089358187249,0.3658118412418559,Review Rating,Female
4.683657253561002,0.36231400083554105,Review Rating,Female
4.719225148934754,0.35725185861296,Review Rating,Female
4.7547930443085065,0.3499676915751083,Review Rating,Female
4.790360939682259,0.33978479399209705,Review Rating,Female
4.825928835056011,0.3260981042790674,Review Rating,Female
4.861496730429764,0.3084904500721226,Review Rating,Female
4.897064625803516,0.28684990591578563,Review Rating,Female
4.932632521177268,0.26145595932524557,Review Rating,Female
4.968200416551021,0.23300505935948404,Review Rating,Female
5.003768311924773,0.20255981364525968,Review Rating,Female
5.0393362072985255,0.17142633401837803,Review Rating,Female
5.074904102672278,0.1409840373511817,Review Rating,Female
5.11047199804603,0.11250478609632468,Review Rating,Female
5.146039893419783,0.08699966542763025,Review Rating,Female
5.181607788793535,0.06512220601970314,Review Rating,Female
5.217175684167287,0.04714046111241448,Review Rating,Female
5.252743579541041,0.03297284516581709,Review Rating,Female
5.288311474914793,0.02226933508820691,Review Rating,Female
5.323879370288545,0.0145135437027891,Review Rating,Female
5.359447265662298,0.009122458732680501,Review Rating,Female
5.39501516103605,0.005527179106990461,Review Rating,Female
5.4305830564098025,0.0032266301719016716,Review Rating,Female
5.466150951783555,0.0018141215710844464,Review Rating,Female
5.5195027948441835,0.0007121344647430771,Review Rating,Female
-7.911918651703639,4.452120902764678e-05,Previous Purchases,Male
-7.240322296895525,8.851079912330451e-05,Previous Purchases,Male
-6.568725942087412,0.00016786796949458356,Previous Purchases,Male
-5.897129587279299,0.0003038923863555308,Previous Purchases,Male
-5.225533232471186,0.0005254444902741169,Previous Purchases,Male
-4.553936877663072,0.000868371464867625,Previous Purchases,Male
-3.8823405228549586,0.001372842291954403,Previous Purchases,Male
-3.210744168046846,0.0020782201596536397,Previous Purchases,Male
-2.539147813238732,0.0030157771773917526,Previous Purchases,Male
-1.8675514584306185,0.004200426701093638,Previous Purchases,Male
-1.1959551036225058,0.005623404260003414,Previous Purchases,Male
-0.5243587488143922,0.007248101253520495,Previous Purchases,Male
0.1472376059937215,0.009010797538121607,Previous Purchases,Male
0.8188339608018342,0.010826882321251454,Previous Purchases,Male
1.490430315609947,0.012601650157450019,Previous Purchases,Male
2.1620266704180615,0.014243450377127924,Previous Purchases,Male
2.8336230252261743,0.01567633376913009,Previous Purchases,Male
3.505219380034287,0.01684957467453798,Previous Purchases,Male
4.1768157348424015,0.017742388620094657,Previous Purchases,Male
4.848412089650514,0.01836341384031386,Previous Purchases,Male
5.520008444458627,0.01874565634157368,Previous Purchases,Male
6.191604799266742,0.018938349327502733,Previous Purchases,Male
6.863201154074854,0.018997495772917827,Previous Purchases,Male
7.534797508882967,0.018976830465712868,Previous Purchases,Male
8.206393863691082,0.01892066074507228,Previous Purchases,Male
8.877990218499194,0.01885959034085742,Previous Purchases,Male
9.549586573307307,0.01880954207151924,Previous Purchases,Male
10.22118292811542,0.018773845260575336,Previous Purchases,Male
10.892779282923533,0.018747566715482365,Previous Purchases,Male
11.564375637731649,0.018722880063525286,Previous Purchases,Male
12.235971992539762,0.018694175454168852,Previous Purchases,Male
12.907568347347874,0.018661802324491463,Previous Purchases,Male
13.579164702155987,0.018633723044602337,Previous Purchases,Male
14.2507610569641,0.018624824267263328,Previous Purchases,Male
14.922357411772213,0.01865410725883206,Previous Purchases,Male
15.593953766580325,0.01874041649878204,Previous Purchases,Male
16.265550121388443,0.018897720827417964,Previous Purchases,Male
16.937146476196553,0.01913114392615554,Previous Purchases,Male
17.60874283100467,0.019434835495166572,Previous Purchases,Male
18.280339185812778,0.019792318696220293,Previous Purchases,Male
18.951935540620894,0.020179222368038416,Previous Purchases,Male
19.623531895429004,0.020567550427505698,Previous Purchases,Male
20.29512825023712,0.02093017400846721,Previous Purchases,Male
20.966724605045236,0.02124428519700234,Previous Purchases,Male
21.638320959853345,0.02149312255470569,Previous Purchases,Male
22.30991731466146,0.021666102097150697,Previous Purchases,Male
22.98151366946957,0.02175815313647397,Previous Purchases,Male
23.653110024277687,0.021769226573102204,Previous Purchases,Male
24.324706379085804,0.021704533478255406,Previous Purchases,Male
24.996302733893913,0.021575316879209584,Previous Purchases,Male
25.66789908870203,0.021399287757500794,Previous Purchases,Male
26.33949544351014,0.021199664815123694,Previous Purchases,Male
27.011091798318255,0.021002201215478807,Previous Purchases,Male
27.68268815312637,0.02083048640687912,Previous Purchases,Male
28.35428450793448,0.020700756103672505,Previous Purchases,Male
29.025880862742596,0.020617962428883748,Previous Purchases,Male
29.697477217550706,0.020574660368646528,Previous Purchases,Male
30.369073572358822,0.020553382899642453,Previous Purchases,Male
31.040669927166938,0.020531941872011208,Previous Purchases,Male
31.712266281975047,0.02049000655149842,Previous Purchases,Male
32.383862636783164,0.020414826099528473,Previous Purchases,Male
33.05545899159127,0.02030427948532813,Previous Purchases,Male
33.72705534639939,0.020166427647244536,Previous Purchases,Male
34.3986517012075,0.02001600622308903,Previous Purchases,Male
35.070248056015615,0.019869333027617304,Previous Purchases,Male
35.74184441082373,0.019739526854684747,Previous Purchases,Male
36.41344076563184,0.019633625186133905,Previous Purchases,Male
37.08503712043996,0.019552328141113965,Previous Purchases,Male
37.756633475248066,0.01949206286791126,Previous Purchases,Male
38.42822983005618,0.019448257820568856,Previous Purchases,Male
39.09982618486429,0.019418399784672045,Previous Purchases,Male
39.77142253967241,0.019403656159362553,Previous Purchases,Male
40.443018894480524,0.019408423851323426,Previous Purchases,Male
41.11461524928863,0.019437863264024576,Previous Purchases,Male
41.78621160409675,0.01949406049681942,Previous Purchases,Male
42.45780795890486,0.019571797554659882,Previous Purchases,Male
43.129404313712975,0.01965497653800821,Previous Purchases,Male
43.80100066852109,0.019714600974695226,Previous Purchases,Male
44.4725970233292,0.019708959543022157,Previous Purchases,Male
45.14419337813732,0.01958635777686402,Previous Purchases,Male
45.815789732945426,0.01929042044363524,Previous Purchases,Male
46.48738608775354,0.018767607395249825,Previous Purchases,Male
47.15898244256165,0.017976110557691605,Previous Purchases,Male
47.83057879736977,0.016894761112564455,Previous Purchases,Male
48.502175152177884,0.015530127926090194,Previous Purchases,Male
49.17377150698599,0.013919882324389683,Previous Purchases,Male
49.84536786179411,0.012130969862252507,Previous Purchases,Male
50.51696421660222,0.01025221168082932,Previous Purchases,Male
51.188560571410335,0.008382412876345087,Previous Purchases,Male
51.860156926218444,0.00661639546916714,Previous Purchases,Male
52.53175328102656,0.005032067554593756,Previous Purchases,Male
53.20334963583468,0.003681372374901226,Previous Purchases,Male
53.874945990642786,0.002586803562240029,Previous Purchases,Male
54.5465423454509,0.0017435644140680474,Previous Purchases,Male
55.21813870025901,0.0011259883090524736,Previous Purchases,Male
55.88973505506713,0.000696007214957023,Previous Purchases,Male
56.561331409875244,0.000411429072288069,Previous Purchases,Male
57.23292776468336,0.00023240369222255982,Previous Purchases,Male
57.90452411949146,0.00012536183263183592,Previous Purchases,Male
58.91191865170364,4.549353223290143e-05,Previous Purchases,Male
-9.510240899313507,4.7045958658895805e-05,Previous Purchases,Female
-8.806517464151426,8.763594687614272e-05,Previous Purchases,Female
-8.102794028989345,0.00015730790697031513,Previous Purchases,Female
-7.399070593827265,0.000272184632900043,Previous Purchases,Female
-6.695347158665184,0.00045412200561753134,Previous Purchases,Female
-5.991623723503103,0.0007308780667365902,Previous Purchases,Female
-5.2879002883410235,0.0011351853681055909,Previous Purchases,Female
-4.584176853178943,0.0017023352434747175,Previous Purchases,Female
-3.880453418016862,0.0024661000426271936,Previous Purchases,Female
-3.1767299828547815,0.0034532010520287905,Previous Purchases,Female
-2.473006547692701,0.004677014750709811,Previous Purchases,Female
-1.76928311253062,0.00613167070386668,Previous Purchases,Female
-1.0655596773685403,0.00778796500370869,Previous Purchases,Female
-0.3618362422064596,0.00959244523752068,Previous Purchases,Female
0.3418871929556211,0.011470549923888495,Previous Purchases,Female
1.0456106281177018,0.013333868203819918,Previous Purchases,Female
1.7493340632797825,0.015090614520976604,Previous Purchases,Female
2.453057498441863,0.016657557013841046,Previous Purchases,Female
3.156780933603944,0.017971157699121946,Previous Purchases,Female
3.8605043687660245,0.018995738246694007,Previous Purchases,Female
4.564227803928105,0.01972708118745316,Previous Purchases,Female
5.267951239090186,0.020190857395554283,Previous Purchases,Female
5.971674674252267,0.02043637411033091,Previous Purchases,Female
6.675398109414347,0.02052707830998016,Previous Purchases,Female
7.379121544576426,0.020529804768464555,Previous Purchases,Female
8.082844979738509,0.020504823356843085,Previous Purchases,Female
8.786568414900588,0.02049834887630696,Previous Purchases,Female
9.49029185006267,0.020538473359950495,Previous Purchases,Female
10.194015285224749,0.02063466935026132,Previous Purchases,Female
10.897738720386831,0.020780295685938643,Previous Purchases,Female
11.60146215554891,0.020957064207481998,Previous Purchases,Female
12.305185590710993,0.02114026326447921,Previous Purchases,Female
13.008909025873072,0.02130366314133939,Previous Purchases,Female
13.71263246103515,0.021423364540358116,Previous Purchases,Female
14.416355896197233,0.021480275065580638,Previous Purchases,Female
15.120079331359312,0.02146129120157556,Previous Purchases,Female
15.823802766521395,0.021359533375128296,Previous Purchases,Female
16.52752620168347,0.021174083430539593,Previous Purchases,Female
17.231249636845554,0.020909612138793443,Previous Purchases,Female
17.934973072007637,0.020576108127621315,Previous Purchases,Female
18.63869650716972,0.02018870413727098,Previous Purchases,Female
19.342419942331794,0.019767418995767925,Previous Purchases,Female
20.046143377493877,0.019336549668127968,Previous Purchases,Female
20.74986681265596,0.01892347635449511,Previous Purchases,Female
21.453590247818042,0.018556767312232356,Previous Purchases,Female
22.157313682980117,0.018263646810549133,Previous Purchases,Female
22.8610371181422,0.018067070645584108,Previous Purchases,Female
23.564760553304282,0.017982797828265094,Previous Purchases,Female
24.268483988466357,0.018016926651418245,Previous Purchases,Female
24.97220742362844,0.01816436238158036,Previous Purchases,Female
25.675930858790522,0.018408595120645358,Previous Purchases,Female
26.379654293952598,0.018722992580255858,Previous Purchases,Female
27.08337772911468,0.01907357171309611,Previous Purchases,Female
27.787101164276763,0.019422944055990828,Previous Purchases,Female
28.490824599438845,0.019734889092156756,Previous Purchases,Female
29.19454803460092,0.01997885934755991,Previous Purchases,Female
29.898271469763003,0.020133705369344054,Previous Purchases,Female
30.601994904925085,0.02019003824674024,Previous Purchases,Female
31.305718340087168,0.020150890710622604,Previous Purchases,Female
32.00944177524924,0.020030633236203698,Previous Purchases,Female
32.713165210411326,0.019852379666815738,Previous Purchases,Female
33.41688864557341,0.01964432544784411,Previous Purchases,Female
34.12061208073549,0.019435579351601687,Previous Purchases,Female
34.824335515897566,0.019252083383251607,Previous Purchases,Female
35.52805895105965,0.019113183789590246,Previous Purchases,Female
36.23178238622173,0.019029329897756613,Previous Purchases,Female
36.935505821383806,0.019001232282462654,Previous Purchases,Female
37.63922925654589,0.019020595798572418,Previous Purchases,Female
38.34295269170797,0.019072259423202446,Previous Purchases,Female
39.046676126870054,0.01913726307520116,Previous Purchases,Female
39.75039956203213,0.01919610244687686,Previous Purchases,Female
40.45412299719421,0.019231327905736343,Previous Purchases,Female
41.157846432356294,0.019228772865136873,Previous Purchases,Female
41.86156986751838,0.019177073825686494,Previous Purchases,Female
42.56529330268045,0.019065688688087067,Previous Purchases,Female
43.269016737842534,0.018882170099350747,Previous Purchases,Female
43.97274017300462,0.018609812560728644,Previous Purchases,Female
44.6764636081667,0.01822681185103436,Previous Purchases,Female
45.380187043328775,0.017707704671361308,Previous Purchases,Female
46.08391047849086,0.017027182807569183,Previous Purchases,Female
46.78763391365294,0.016165602018636812,Previous Purchases,Female
47.491357348815015,0.01511488199772181,Previous Purchases,Female
48.1950807839771,0.013883231153233614,Previous Purchases,Female
48.89880421913918,0.012497324885205248,Previous Purchases,Female
49.60252765430126,0.011001166384427424,Previous Purchases,Female
50.30625108946334,0.009451683867085135,Previous Purchases,Female
51.00997452462542,0.007911921442437393,Previous Purchases,Female
51.7136979597875,0.006443233602167487,Previous Purchases,Female
52.417421394949585,0.005098055423704941,Previous Purchases,Female
53.12114483011166,0.00391457748290153,Previous Purchases,Female
53.82486826527374,0.002914110486854785,Previous Purchases,Female
54.52859170043582,0.002101258677296837,Previous Purchases,Female
55.23231513559791,0.0014664235153322618,Previous Purchases,Female
55.93603857075998,0.0009897729798992358,Previous Purchases,Female
56.63976200592207,0.0006456969016238252,Previous Purchases,Female
57.34348544108415,0.00040689855569219933,Previous Purchases,Female
58.04720887624622,0.00024755913291825616,Previous Purchases,Female
58.75093231140831,0.000145344717732186,Previous Purchases,Female
59.45465574657039,8.231107172823067e-05,Previous Purchases,Female
60.51024089931351,3.2757532040789136e-05,Previous Purchases,Female
